observation_date,house_price_index,Federal_Funds_Effective_Rate,Mortgage,housing_units,population_growth,income,inflation,unemployment_rate
1987-01,63.963,6.426451612903226,9.203999999999999,1774.0,0.893829201032046,63060.0,111.4,6.6
1987-02,64.422,6.101071428571428,9.0825,1784.0,0.893829201032046,63060.0,111.8,6.6
1987-03,64.734,6.128387096774193,9.035,1726.0,0.893829201032046,63060.0,112.2,6.6
1987-04,65.13,6.365333333333334,9.8325,1614.0,0.893829201032046,63060.0,112.7,6.3
1987-05,65.562,6.852903225806451,10.596,1628.0,0.893829201032046,63060.0,113.0,6.3
1987-06,66.071,6.725,10.5375,1594.0,0.893829201032046,63060.0,113.5,6.2
1987-07,66.507,6.58225806451613,10.278,1575.0,0.893829201032046,63060.0,113.8,6.1
1987-08,66.938,6.732258064516128,10.33,1605.0,0.893829201032046,63060.0,114.3,6.0
1987-09,67.33,7.216333333333334,10.8875,1695.0,0.893829201032046,63060.0,114.7,5.9
1987-10,67.738,7.288709677419354,11.26,1515.0,0.893829201032046,63060.0,115.0,6.0
1987-11,68.105,6.693333333333333,10.65,1656.0,0.893829201032046,63060.0,115.4,5.8
1987-12,68.50399999999999,6.769677419354839,10.64,1400.0,0.893829201032046,63060.0,115.6,5.7
1988-01,68.85600000000001,6.833870967741936,10.3825,1271.0,0.907999040167679,63530.0,116.0,5.7
1988-02,69.26,6.582758620689655,9.8925,1473.0,0.907999040167679,63530.0,116.2,5.7
1988-03,69.63600000000001,6.575806451612903,9.93,1532.0,0.907999040167679,63530.0,116.5,5.7
1988-04,69.97399999999999,6.871666666666667,10.202,1573.0,0.907999040167679,63530.0,117.2,5.4
1988-05,70.425,7.086451612903226,10.455,1421.0,0.907999040167679,63530.0,117.5,5.6
1988-06,70.888,7.509,10.46,1478.0,0.907999040167679,63530.0,118.0,5.4
1988-07,71.354,7.754838709677419,10.432,1467.0,0.907999040167679,63530.0,118.5,5.4
1988-08,71.79899999999999,8.009032258064517,10.5975,1493.0,0.907999040167679,63530.0,119.0,5.6
1988-09,72.24,8.193333333333333,10.48,1492.0,0.907999040167679,63530.0,119.5,5.4
1988-10,72.635,8.296129032258065,10.3025,1522.0,0.907999040167679,63530.0,119.9,5.4
1988-11,73.07,8.345,10.265,1569.0,0.907999040167679,63530.0,120.3,5.3
1988-12,73.46300000000001,8.76032258064516,10.612,1563.0,0.907999040167679,63530.0,120.7,5.3
1989-01,73.946,9.121290322580645,10.73,1621.0,0.944405555428529,64610.0,121.2,5.4
1989-02,74.382,9.36107142857143,10.645,1425.0,0.944405555428529,64610.0,121.6,5.2
1989-03,74.777,9.848709677419356,11.032,1422.0,0.944405555428529,64610.0,122.2,5.0
1989-04,75.084,9.835333333333333,11.05,1339.0,0.944405555428529,64610.0,123.1,5.2
1989-05,75.305,9.809032258064516,10.7725,1331.0,0.944405555428529,64610.0,123.7,5.2
1989-06,75.47800000000001,9.53,10.196,1397.0,0.944405555428529,64610.0,124.1,5.3
1989-07,75.655,9.235483870967743,9.8825,1427.0,0.944405555428529,64610.0,124.5,5.2
1989-08,75.833,8.992258064516129,9.985,1332.0,0.944405555428529,64610.0,124.5,5.2
1989-09,76.055,9.020999999999999,10.126000000000001,1279.0,0.944405555428529,64610.0,124.8,5.3
1989-10,76.281,8.840645161290322,9.9475,1410.0,0.944405555428529,64610.0,125.4,5.3
1989-11,76.51899999999999,8.548,9.7675,1351.0,0.944405555428529,64610.0,125.9,5.4
1989-12,76.704,8.452580645161289,9.744,1251.0,0.944405555428529,64610.0,126.3,5.4
1990-01,76.89699999999999,8.229032258064516,9.895,1551.0,1.12965052045579,63830.0,127.5,5.4
1990-02,77.053,8.237142857142858,10.1975,1437.0,1.12965052045579,63830.0,128.0,5.3
1990-03,77.20100000000001,8.276774193548386,10.268,1289.0,1.12965052045579,63830.0,128.6,5.2
1990-04,77.278,8.255,10.370000000000001,1248.0,1.12965052045579,63830.0,128.9,5.4
1990-05,77.297,8.176451612903225,10.4775,1212.0,1.12965052045579,63830.0,129.1,5.4
1990-06,77.258,8.288666666666666,10.164,1177.0,1.12965052045579,63830.0,129.9,5.2
1990-07,77.138,8.15258064516129,10.035,1171.0,1.12965052045579,63830.0,130.5,5.5
1990-08,77.008,8.134193548387097,10.1,1115.0,1.12965052045579,63830.0,131.6,5.7
1990-09,76.84899999999999,8.195,10.175,1110.0,1.12965052045579,63830.0,132.5,5.9
1990-10,76.7,8.112580645161291,10.1775,1014.0,1.12965052045579,63830.0,133.4,5.9
1990-11,76.369,7.806666666666667,10.014,1145.0,1.12965052045579,63830.0,133.7,6.2
1990-12,76.185,7.312903225806451,9.6725,969.0,1.12965052045579,63830.0,134.2,6.3
1991-01,75.915,6.906451612903226,9.6375,798.0,1.33626074073779,61960.0,134.7,6.4
1991-02,75.733,6.2524999999999995,9.365,965.0,1.33626074073779,61960.0,134.8,6.6
1991-03,75.569,6.115161290322581,9.5,921.0,1.33626074073779,61960.0,134.8,6.8
1991-04,75.565,5.912333333333334,9.4925,1001.0,1.33626074073779,61960.0,135.1,6.7
1991-05,75.764,5.782903225806452,9.472,996.0,1.33626074073779,61960.0,135.6,6.9
1991-06,75.991,5.899666666666667,9.615,1036.0,1.33626074073779,61960.0,136.0,6.9
1991-07,76.081,5.820967741935483,9.575,1063.0,1.33626074073779,61960.0,136.2,6.8
1991-08,76.108,5.661290322580645,9.244,1049.0,1.33626074073779,61960.0,136.6,6.9
1991-09,76.192,5.447,9.0075,1015.0,1.33626074073779,61960.0,137.0,6.9
1991-10,76.074,5.209677419354839,8.855,1079.0,1.33626074073779,61960.0,137.2,7.0
1991-11,76.012,4.811333333333334,8.712,1103.0,1.33626074073779,61960.0,137.8,7.0
1991-12,76.056,4.434193548387097,8.497499999999999,1079.0,1.33626074073779,61960.0,138.2,7.3
1992-01,76.087,4.034193548387097,8.431999999999999,1176.0,1.38688569247935,61450.0,138.3,7.3
1992-02,76.156,4.057586206896552,8.7625,1250.0,1.38688569247935,61450.0,138.6,7.4
1992-03,76.277,3.983225806451613,8.935,1297.0,1.38688569247935,61450.0,139.1,7.4
1992-04,76.346,3.734666666666667,8.8525,1099.0,1.38688569247935,61450.0,139.4,7.4
1992-05,76.398,3.823225806451613,8.672,1214.0,1.38688569247935,61450.0,139.7,7.6
1992-06,76.332,3.7626666666666666,8.51,1145.0,1.38688569247935,61450.0,140.1,7.8
1992-07,76.264,3.253548387096774,8.128,1139.0,1.38688569247935,61450.0,140.5,7.7
1992-08,76.23100000000001,3.303225806451613,7.975,1226.0,1.38688569247935,61450.0,140.8,7.6
1992-09,76.23899999999999,3.219666666666667,7.922499999999999,1186.0,1.38688569247935,61450.0,141.1,7.6
1992-10,76.376,3.099032258064516,8.088,1244.0,1.38688569247935,61450.0,141.7,7.3
1992-11,76.558,3.0876666666666663,8.305,1214.0,1.38688569247935,61450.0,142.1,7.4
1992-12,76.67399999999999,2.919677419354839,8.206,1227.0,1.38688569247935,61450.0,142.3,7.4
1993-01,76.78399999999999,3.024193548387097,7.9925,1210.0,1.31867999977741,61150.0,142.8,7.3
1993-02,76.83800000000001,3.027142857142857,7.6825,1210.0,1.31867999977741,61150.0,143.1,7.1
1993-03,76.868,3.074193548387097,7.495,1083.0,1.31867999977741,61150.0,143.3,7.0
1993-04,76.936,2.957666666666667,7.4719999999999995,1258.0,1.31867999977741,61150.0,143.8,7.1
1993-05,77.038,2.9961290322580645,7.465,1260.0,1.31867999977741,61150.0,144.2,7.1
1993-06,77.243,3.038,7.4175,1280.0,1.31867999977741,61150.0,144.3,7.0
1993-07,77.429,3.055483870967742,7.206,1254.0,1.31867999977741,61150.0,144.5,6.9
1993-08,77.613,3.032258064516129,7.1125,1300.0,1.31867999977741,61150.0,144.8,6.8
1993-09,77.795,3.0863333333333336,6.915,1343.0,1.31867999977741,61150.0,145.0,6.7
1993-10,77.941,2.9925806451612904,6.8340000000000005,1392.0,1.31867999977741,61150.0,145.6,6.8
1993-11,78.148,3.0180000000000002,7.155,1376.0,1.31867999977741,61150.0,146.0,6.6
1993-12,78.32600000000001,2.9551612903225806,7.172,1533.0,1.31867999977741,61150.0,146.3,6.5
1994-01,78.59100000000001,3.0506451612903227,7.0600000000000005,1272.0,1.2262960888682,61800.0,146.3,6.6
1994-02,78.727,3.245,7.1525,1337.0,1.2262960888682,61800.0,146.7,6.6
1994-03,78.85600000000001,3.335806451612903,7.675,1564.0,1.2262960888682,61800.0,147.1,6.5
1994-04,78.987,3.555,8.315999999999999,1465.0,1.2262960888682,61800.0,147.2,6.4
1994-05,79.221,4.010967741935484,8.5975,1526.0,1.2262960888682,61800.0,147.5,6.1
1994-06,79.422,4.245666666666667,8.3975,1409.0,1.2262960888682,61800.0,147.9,6.1
1994-07,79.594,4.256129032258064,8.614,1439.0,1.2262960888682,61800.0,148.4,6.1
1994-08,79.781,4.474516129032258,8.5125,1450.0,1.2262960888682,61800.0,149.0,6.0
1994-09,79.919,4.733666666666666,8.64,1474.0,1.2262960888682,61800.0,149.3,5.9
1994-10,80.065,4.76,8.925,1450.0,1.2262960888682,61800.0,149.4,5.8
1994-11,80.15,5.294666666666667,9.17,1511.0,1.2262960888682,61800.0,149.8,5.6
1994-12,80.296,5.453225806451614,9.198,1455.0,1.2262960888682,61800.0,150.1,5.5
1995-01,80.426,5.52741935483871,9.1475,1407.0,1.19078709090209,63770.0,150.5,5.6
1995-02,80.527,5.915357142857142,8.8275,1316.0,1.19078709090209,63770.0,150.9,5.4
1995-03,80.597,5.976451612903226,8.462,1249.0,1.19078709090209,63770.0,151.2,5.4
1995-04,80.66,6.047333333333333,8.32,1267.0,1.19078709090209,63770.0,151.8,5.8
1995-05,80.703,6.009032258064516,7.955,1314.0,1.19078709090209,63770.0,152.1,5.6
1995-06,80.785,6.001333333333333,7.566,1281.0,1.19078709090209,63770.0,152.4,5.6
1995-07,80.937,5.851935483870967,7.6075,1461.0,1.19078709090209,63770.0,152.6,5.7
1995-08,81.109,5.735161290322581,7.86,1416.0,1.19078709090209,63770.0,152.9,5.7
1995-09,81.306,5.804666666666666,7.636,1369.0,1.19078709090209,63770.0,153.1,5.6
1995-10,81.482,5.756129032258064,7.475,1369.0,1.19078709090209,63770.0,153.5,5.5
1995-11,81.618,5.803,7.3774999999999995,1452.0,1.19078709090209,63770.0,153.7,5.6
1995-12,81.736,5.601935483870967,7.2,1431.0,1.19078709090209,63770.0,153.9,5.6
1996-01,81.834,5.564838709677419,7.029999999999999,1467.0,1.16341161998189,64710.0,154.7,5.6
1996-02,81.95299999999999,5.224482758620689,7.075,1491.0,1.16341161998189,64710.0,155.0,5.5
1996-03,82.193,5.314193548387097,7.624,1424.0,1.16341161998189,64710.0,155.5,5.5
1996-04,82.42,5.223666666666667,7.925000000000001,1516.0,1.16341161998189,64710.0,156.1,5.6
1996-05,82.609,5.235161290322581,8.07,1504.0,1.16341161998189,64710.0,156.4,5.6
1996-06,82.75200000000001,5.2733333333333325,8.32,1467.0,1.16341161998189,64710.0,156.7,5.3
1996-07,82.928,5.396451612903226,8.245000000000001,1472.0,1.16341161998189,64710.0,157.0,5.5
1996-08,83.086,5.222903225806451,8.001999999999999,1557.0,1.16341161998189,64710.0,157.2,5.1
1996-09,83.256,5.299,8.23,1475.0,1.16341161998189,64710.0,157.7,5.2
1996-10,83.376,5.2380645161290325,7.915,1392.0,1.16341161998189,64710.0,158.2,5.2
1996-11,83.552,5.311000000000001,7.618,1489.0,1.16341161998189,64710.0,158.7,5.4
1996-12,83.721,5.2945161290322575,7.5975,1370.0,1.16341161998189,64710.0,159.1,5.4
1997-01,83.955,5.2545161290322575,7.824,1355.0,1.20396029701272,66050.0,159.4,5.3
1997-02,84.18,5.185714285714285,7.65,1486.0,1.20396029701272,66050.0,159.7,5.2
1997-03,84.45100000000001,5.386129032258064,7.8975,1457.0,1.20396029701272,66050.0,159.8,5.2
1997-04,84.624,5.507333333333333,8.1425,1492.0,1.20396029701272,66050.0,159.9,5.1
1997-05,84.86200000000001,5.5041935483870965,7.944,1442.0,1.20396029701272,66050.0,159.9,4.9
1997-06,85.081,5.555666666666666,7.6899999999999995,1494.0,1.20396029701272,66050.0,160.2,5.0
1997-07,85.331,5.521290322580645,7.4975,1437.0,1.20396029701272,66050.0,160.4,4.9
1997-08,85.572,5.542258064516129,7.4799999999999995,1390.0,1.20396029701272,66050.0,160.8,4.8
1997-09,85.85,5.540666666666667,7.43,1546.0,1.20396029701272,66050.0,161.2,4.9
1997-10,86.147,5.4961290322580645,7.294,1520.0,1.20396029701272,66050.0,161.5,4.7
1997-11,86.633,5.5216666666666665,7.205,1510.0,1.20396029701272,66050.0,161.7,4.6
1997-12,87.09299999999999,5.504838709677419,7.095000000000001,1566.0,1.20396029701272,66050.0,161.8,4.7
1998-01,87.615,5.55741935483871,6.994,1525.0,1.16571452642589,68470.0,162.0,4.6
1998-02,88.00299999999999,5.505714285714285,7.0425,1584.0,1.16571452642589,68470.0,162.0,4.6
1998-03,88.44200000000001,5.493548387096775,7.1275,1567.0,1.16571452642589,68470.0,162.0,4.7
1998-04,88.87799999999999,5.445333333333334,7.140000000000001,1540.0,1.16571452642589,68470.0,162.2,4.3
1998-05,89.36399999999999,5.488709677419355,7.144,1536.0,1.16571452642589,68470.0,162.6,4.4
1998-06,89.845,5.558666666666666,6.9975000000000005,1641.0,1.16571452642589,68470.0,162.8,4.5
1998-07,90.31,5.5358064516129035,6.952,1698.0,1.16571452642589,68470.0,163.2,4.5
1998-08,90.786,5.546774193548386,6.9225,1614.0,1.16571452642589,68470.0,163.4,4.5
1998-09,91.259,5.511666666666667,6.7225,1582.0,1.16571452642589,68470.0,163.5,4.6
1998-10,91.717,5.070967741935483,6.709999999999999,1715.0,1.16571452642589,68470.0,163.9,4.5
1998-11,92.2,4.826,6.865,1660.0,1.16571452642589,68470.0,164.1,4.4
1998-12,92.712,4.683548387096774,6.7379999999999995,1792.0,1.16571452642589,68470.0,164.4,4.4
1999-01,93.208,4.6325806451612905,6.785,1748.0,1.14834004729055,70210.0,164.7,4.3
1999-02,93.672,4.764642857142857,6.8075,1670.0,1.14834004729055,70210.0,164.7,4.4
1999-03,94.217,4.809354838709678,7.04,1710.0,1.14834004729055,70210.0,164.8,4.2
1999-04,94.784,4.7363333333333335,6.9159999999999995,1553.0,1.14834004729055,70210.0,165.9,4.3
1999-05,95.344,4.742258064516129,7.145,1611.0,1.14834004729055,70210.0,166.0,4.2
1999-06,95.975,4.764666666666667,7.55,1559.0,1.14834004729055,70210.0,166.0,4.3
1999-07,96.591,4.994193548387097,7.632,1669.0,1.14834004729055,70210.0,166.7,4.3
1999-08,97.219,5.072258064516129,7.9425,1648.0,1.14834004729055,70210.0,167.1,4.2
1999-09,97.862,5.224333333333333,7.8225,1635.0,1.14834004729055,70210.0,167.8,4.2
1999-10,98.523,5.199999999999999,7.851999999999999,1608.0,1.14834004729055,70210.0,168.1,4.1
1999-11,99.153,5.42,7.7375,1648.0,1.14834004729055,70210.0,168.4,4.1
1999-12,99.844,5.295806451612902,7.912000000000001,1708.0,1.14834004729055,70210.0,168.8,4.0
2000-01,100.551,5.448387096774193,8.21,1636.0,1.11276899679534,70020.0,169.3,4.0
2000-02,101.339,5.7348275862068965,8.325,1737.0,1.11276899679534,70020.0,170.0,4.1
2000-03,102.126,5.853548387096774,8.24,1604.0,1.11276899679534,70020.0,171.0,4.0
2000-04,102.923,6.019666666666667,8.1525,1626.0,1.11276899679534,70020.0,170.9,3.8
2000-05,103.678,6.268064516129033,8.515,1575.0,1.11276899679534,70020.0,171.2,4.0
2000-06,104.424,6.528333333333333,8.288,1559.0,1.11276899679534,70020.0,172.2,4.0
2000-07,105.054,6.5445161290322575,8.1475,1463.0,1.11276899679534,70020.0,172.7,4.0
2000-08,105.768,6.496774193548387,8.0275,1541.0,1.11276899679534,70020.0,172.7,4.1
2000-09,106.538,6.5169999999999995,7.912000000000001,1507.0,1.11276899679534,70020.0,173.6,3.9
2000-10,107.383,6.509354838709677,7.795,1549.0,1.11276899679534,70020.0,173.9,3.9
2000-11,108.303,6.514333333333334,7.745,1551.0,1.11276899679534,70020.0,174.2,3.9
2000-12,109.141,6.402258064516129,7.382,1532.0,1.11276899679534,70020.0,174.6,3.9
2001-01,109.847,5.975806451612903,7.0325,1600.0,0.989741382223669,68870.0,175.6,4.2
2001-02,110.502,5.494285714285715,7.05,1625.0,0.989741382223669,68870.0,176.0,4.2
2001-03,111.11,5.3109677419354835,6.952,1590.0,0.989741382223669,68870.0,176.1,4.3
2001-04,111.652,4.8020000000000005,7.0775,1649.0,0.989741382223669,68870.0,176.4,4.4
2001-05,112.164,4.21225806451613,7.145,1605.0,0.989741382223669,68870.0,177.3,4.3
2001-06,112.797,3.969666666666667,7.159999999999999,1636.0,0.989741382223669,68870.0,177.7,4.5
2001-07,113.491,3.769032258064516,7.1275,1670.0,0.989741382223669,68870.0,177.4,4.6
2001-08,114.169,3.6525806451612906,6.95,1567.0,0.989741382223669,68870.0,177.4,4.9
2001-09,114.812,3.069,6.8175,1562.0,0.989741382223669,68870.0,178.1,5.0
2001-10,115.309,2.485161290322581,6.6175,1540.0,0.989741382223669,68870.0,177.6,5.3
2001-11,115.856,2.087,6.6579999999999995,1602.0,0.989741382223669,68870.0,177.5,5.5
2001-12,116.454,1.817741935483871,7.0649999999999995,1568.0,0.989741382223669,68870.0,177.4,5.7
2002-01,117.143,1.7296774193548385,6.9975,1698.0,0.927797485710314,68310.0,177.7,5.7
2002-02,117.844,1.7396428571428573,6.8925,1829.0,0.927797485710314,68310.0,178.0,5.7
2002-03,118.687,1.73,7.014,1642.0,0.927797485710314,68310.0,178.5,5.7
2002-04,119.611,1.7530000000000001,6.985,1592.0,0.927797485710314,68310.0,179.3,5.9
2002-05,120.723,1.751290322580645,6.806,1764.0,0.927797485710314,68310.0,179.5,5.8
2002-06,121.813,1.7503333333333333,6.65,1717.0,0.927797485710314,68310.0,179.6,5.8
2002-07,122.889,1.729032258064516,6.485,1655.0,0.927797485710314,68310.0,180.0,5.8
2002-08,123.832,1.7432258064516128,6.29,1633.0,0.927797485710314,68310.0,180.5,5.7
2002-09,124.781,1.7506666666666668,6.0925,1804.0,0.927797485710314,68310.0,180.8,5.7
2002-10,125.735,1.7548387096774194,6.1125,1648.0,0.927797485710314,68310.0,181.2,5.7
2002-11,126.67,1.3359999999999999,6.068,1753.0,0.927797485710314,68310.0,181.5,5.9
2002-12,127.624,1.2383870967741937,6.0475,1788.0,0.927797485710314,68310.0,181.8,6.0
2003-01,128.461,1.2351612903225806,5.9159999999999995,1853.0,0.859481712840946,68350.0,182.6,5.8
2003-02,129.356,1.2621428571428572,5.8425,1629.0,0.859481712840946,68350.0,183.6,5.9
2003-03,130.148,1.2529032258064516,5.745,1726.0,0.859481712840946,68350.0,183.9,5.9
2003-04,130.885,1.258,5.8125,1643.0,0.859481712840946,68350.0,183.2,6.0
2003-05,131.735,1.2590322580645161,5.484,1751.0,0.859481712840946,68350.0,182.9,6.1
2003-06,132.649,1.2226666666666666,5.23,1867.0,0.859481712840946,68350.0,183.1,6.3
2003-07,133.77700000000002,1.011290322580645,5.6325,1897.0,0.859481712840946,68350.0,183.7,6.2
2003-08,134.968,1.0290322580645161,6.264,1833.0,0.859481712840946,68350.0,184.5,6.1
2003-09,136.295,1.01,6.1475,1939.0,0.859481712840946,68350.0,185.1,6.1
2003-10,137.533,1.01,5.952,1967.0,0.859481712840946,68350.0,184.9,6.0
2003-11,138.795,0.996,5.9325,2083.0,0.859481712840946,68350.0,185.0,5.8
2003-12,140.181,0.9841935483870967,5.8759999999999994,2057.0,0.859481712840946,68350.0,185.5,5.7
2004-01,141.64700000000002,0.9970967741935484,5.7125,1911.0,0.925483968943482,68250.0,186.3,5.7
2004-02,143.192,1.007241379310345,5.635,1846.0,0.925483968943482,68250.0,186.7,5.6
2004-03,145.058,1.0016129032258065,5.445,1998.0,0.925483968943482,68250.0,187.1,5.8
2004-04,146.593,1.004,5.83,2003.0,0.925483968943482,68250.0,187.4,5.6
2004-05,148.186,1.0045161290322582,6.27,1981.0,0.925483968943482,68250.0,188.2,5.6
2004-06,149.852,1.0256666666666667,6.2875,1828.0,0.925483968943482,68250.0,188.9,5.6
2004-07,151.339,1.2635483870967743,6.056,2002.0,0.925483968943482,68250.0,189.1,5.5
2004-08,152.635,1.4293548387096775,5.8675,2024.0,0.925483968943482,68250.0,189.2,5.4
2004-09,154.18,1.605,5.754,1905.0,0.925483968943482,68250.0,189.8,5.4
2004-10,155.752,1.7609677419354839,5.7225,2072.0,0.925483968943482,68250.0,190.8,5.5
2004-11,157.529,1.932,5.73,1782.0,0.925483968943482,68250.0,191.7,5.4
2004-12,159.332,2.1561290322580646,5.752,2042.0,0.925483968943482,68250.0,191.7,5.4
2005-01,161.289,2.2793548387096774,5.71,2144.0,0.921713167161207,69310.0,191.6,5.3
2005-02,163.346,2.501785714285714,5.6275,2207.0,0.921713167161207,69310.0,192.4,5.4
2005-03,165.81400000000002,2.629032258064516,5.928,1864.0,0.921713167161207,69310.0,193.1,5.2
2005-04,167.503,2.7849999999999997,5.855,2061.0,0.921713167161207,69310.0,193.7,5.2
2005-05,169.352,3.00258064516129,5.72,2025.0,0.921713167161207,69310.0,193.6,5.1
2005-06,171.192,3.0356666666666663,5.582,2068.0,0.921713167161207,69310.0,193.7,5.0
2005-07,172.861,3.2625806451612904,5.695,2054.0,0.921713167161207,69310.0,194.9,5.0
2005-08,174.44400000000002,3.4996774193548386,5.82,2095.0,0.921713167161207,69310.0,196.1,4.9
2005-09,176.438,3.6229999999999998,5.774,2151.0,0.921713167161207,69310.0,198.8,5.0
2005-10,178.028,3.7793548387096774,6.065,2065.0,0.921713167161207,69310.0,199.1,5.0
2005-11,179.68200000000002,3.999,6.33,2147.0,0.921713167161207,69310.0,198.1,5.0
2005-12,180.911,4.1570967741935485,6.272,1994.0,0.921713167161207,69310.0,198.1,4.9
2006-01,182.321,4.285161290322581,6.145,2273.0,0.964253917136075,70080.0,199.3,4.7
2006-02,183.288,4.491428571428572,6.2525,2119.0,0.964253917136075,70080.0,199.4,4.8
2006-03,184.364,4.589354838709677,6.324,1969.0,0.964253917136075,70080.0,199.7,4.7
2006-04,184.329,4.790333333333334,6.5075,1821.0,0.964253917136075,70080.0,200.7,4.7
2006-05,184.155,4.940322580645161,6.5975,1942.0,0.964253917136075,70080.0,201.3,4.6
2006-06,183.507,4.991,6.6819999999999995,1802.0,0.964253917136075,70080.0,201.8,4.6
2006-07,183.066,5.235161290322581,6.7625,1737.0,0.964253917136075,70080.0,202.9,4.7
2006-08,182.594,5.2464516129032255,6.523999999999999,1650.0,0.964253917136075,70080.0,203.8,4.7
2006-09,182.798,5.254666666666666,6.4025,1720.0,0.964253917136075,70080.0,202.8,4.5
2006-10,183.198,5.245161290322581,6.3575,1491.0,0.964253917136075,70080.0,201.9,4.4
2006-11,183.608,5.245666666666667,6.24,1570.0,0.964253917136075,70080.0,202.0,4.5
2006-12,184.139,5.2380645161290325,6.135,1649.0,0.964253917136075,70080.0,203.1,4.4
2007-01,184.517,5.248387096774193,6.2175,1409.0,0.951055242772428,71210.0,203.437,4.6
2007-02,184.599,5.258928571428571,6.285,1480.0,0.951055242772428,71210.0,204.226,4.5
2007-03,184.151,5.256774193548387,6.156000000000001,1495.0,0.951055242772428,71210.0,205.288,4.4
2007-04,183.011,5.249666666666667,6.18,1490.0,0.951055242772428,71210.0,205.904,4.5
2007-05,181.601,5.2535483870967745,6.2620000000000005,1415.0,0.951055242772428,71210.0,206.755,4.4
2007-06,180.253,5.2540000000000004,6.657500000000001,1448.0,0.951055242772428,71210.0,207.234,4.6
2007-07,179.11,5.258387096774193,6.695,1354.0,0.951055242772428,71210.0,207.603,4.7
2007-08,178.116,5.022258064516129,6.572,1330.0,0.951055242772428,71210.0,207.667,4.6
2007-09,177.55700000000002,4.938,6.3825,1183.0,0.951055242772428,71210.0,208.547,4.7
2007-10,176.623,4.755483870967741,6.375,1264.0,0.951055242772428,71210.0,209.19,4.7
2007-11,175.146,4.486666666666666,6.208,1197.0,0.951055242772428,71210.0,210.834,4.7
2007-12,174.34,4.244516129032259,6.095,1037.0,0.951055242772428,71210.0,211.445,5.0
2008-01,173.13099999999997,3.9403225806451614,5.758,1084.0,0.945865287282592,68780.0,212.174,5.0
2008-02,171.53900000000002,2.9806896551724136,5.9175,1103.0,0.945865287282592,68780.0,212.687,4.9
2008-03,170.05200000000002,2.6103225806451613,5.97,1005.0,0.945865287282592,68780.0,213.448,5.1
2008-04,168.33599999999998,2.2783333333333333,5.9175,1013.0,0.945865287282592,68780.0,213.942,5.0
2008-05,166.658,1.9783870967741934,6.036,973.0,0.945865287282592,68780.0,215.208,5.4
2008-06,165.017,2.001,6.32,1046.0,0.945865287282592,68780.0,217.463,5.6
2008-07,163.565,2.009677419354839,6.425999999999999,923.0,0.945865287282592,68780.0,219.016,5.8
2008-08,161.988,1.996451612903226,6.4775,844.0,0.945865287282592,68780.0,218.69,6.1
2008-09,160.30700000000002,1.8116666666666668,6.0375,820.0,0.945865287282592,68780.0,218.877,6.1
2008-10,158.327,0.9693548387096774,6.2,777.0,0.945865287282592,68780.0,216.995,6.5
2008-11,156.142,0.3876666666666667,6.0875,652.0,0.945865287282592,68780.0,213.153,6.8
2008-12,153.618,0.15516129032258064,5.286,560.0,0.945865287282592,68780.0,211.398,7.3
2009-01,151.507,0.15419354838709678,5.047499999999999,490.0,0.876651298802912,68340.0,211.933,7.8
2009-02,150.014,0.22214285714285714,5.13,582.0,0.876651298802912,68340.0,212.705,8.3
2009-03,148.66,0.18064516129032257,5.0025,505.0,0.876651298802912,68340.0,212.495,8.7
2009-04,147.94799999999998,0.15033333333333332,4.8100000000000005,478.0,0.876651298802912,68340.0,212.709,9.0
2009-05,147.694,0.1774193548387097,4.8575,540.0,0.876651298802912,68340.0,213.022,9.4
2009-06,148.089,0.20633333333333334,5.42,585.0,0.876651298802912,68340.0,214.79,9.5
2009-07,148.409,0.15580645161290324,5.2219999999999995,594.0,0.876651298802912,68340.0,214.726,9.5
2009-08,148.27700000000002,0.16032258064516128,5.1925,586.0,0.876651298802912,68340.0,215.445,9.6
2009-09,148.025,0.14666666666666667,5.0575,585.0,0.876651298802912,68340.0,215.861,9.8
2009-10,147.85,0.11806451612903227,4.952,534.0,0.876651298802912,68340.0,216.509,10.0
2009-11,148.136,0.119,4.875,588.0,0.876651298802912,68340.0,217.234,9.9
2009-12,147.93,0.11806451612903227,4.93,581.0,0.876651298802912,68340.0,217.347,9.9
2010-01,147.39600000000002,0.11,5.03,614.0,0.829616674709795,66730.0,217.488,9.8
2010-02,145.632,0.12642857142857142,4.99,604.0,0.829616674709795,66730.0,217.281,9.8
2010-03,145.858,0.16451612903225807,4.9675,636.0,0.829616674709795,66730.0,217.353,9.9
2010-04,146.401,0.19833333333333333,5.098000000000001,687.0,0.829616674709795,66730.0,217.403,9.9
2010-05,146.391,0.2006451612903226,4.8875,583.0,0.829616674709795,66730.0,217.29,9.6
2010-06,145.718,0.17666666666666667,4.7375,536.0,0.829616674709795,66730.0,217.199,9.4
2010-07,144.986,0.18258064516129033,4.564,546.0,0.829616674709795,66730.0,217.605,9.4
2010-08,143.91,0.18935483870967743,4.4275,599.0,0.829616674709795,66730.0,217.923,9.5
2010-09,143.014,0.19466666666666665,4.346,594.0,0.829616674709795,66730.0,218.275,9.5
2010-10,142.525,0.19129032258064516,4.225,543.0,0.829616674709795,66730.0,219.035,9.4
2010-11,142.167,0.19433333333333333,4.3,545.0,0.829616674709795,66730.0,219.59,9.8
2010-12,142.054,0.1832258064516129,4.714,539.0,0.829616674709795,66730.0,220.472,9.3
2011-01,141.516,0.16838709677419356,4.755,630.0,0.726786704810745,65750.0,221.187,9.1
2011-02,140.344,0.15678571428571428,4.9525,517.0,0.726786704810745,65750.0,221.898,9.0
2011-03,139.975,0.13870967741935483,4.836,600.0,0.726786704810745,65750.0,223.046,9.0
2011-04,140.007,0.098,4.84,554.0,0.726786704810745,65750.0,224.093,9.1
2011-05,139.903,0.09387096774193548,4.6375,561.0,0.726786704810745,65750.0,224.806,9.0
2011-06,139.859,0.09200000000000001,4.51,608.0,0.726786704810745,65750.0,224.806,9.1
2011-07,139.727,0.07096774193548387,4.545,623.0,0.726786704810745,65750.0,225.395,9.0
2011-08,139.306,0.09580645161290323,4.27,585.0,0.726786704810745,65750.0,226.106,9.0
2011-09,138.664,0.084,4.106,650.0,0.726786704810745,65750.0,226.597,9.0
2011-10,137.947,0.0706451612903226,4.0675,610.0,0.726786704810745,65750.0,226.75,8.8
2011-11,137.14600000000002,0.081,3.9925,711.0,0.726786704810745,65750.0,227.169,8.6
2011-12,136.668,0.07161290322580646,3.9579999999999997,694.0,0.726786704810745,65750.0,227.223,8.5
2012-01,136.602,0.08193548387096775,3.915,723.0,0.733599941250847,65740.0,227.842,8.3
2012-02,136.526,0.10379310344827586,3.89,704.0,0.733599941250847,65740.0,228.329,8.3
2012-03,137.89700000000002,0.1267741935483871,3.9539999999999997,695.0,0.733599941250847,65740.0,228.807,8.2
2012-04,139.148,0.13933333333333334,3.91,753.0,0.733599941250847,65740.0,229.187,8.2
2012-05,140.149,0.15580645161290324,3.7979999999999996,708.0,0.733599941250847,65740.0,228.713,8.2
2012-06,141.02700000000002,0.16166666666666668,3.675,757.0,0.733599941250847,65740.0,228.524,8.2
2012-07,141.66899999999998,0.15645161290322582,3.55,740.0,0.733599941250847,65740.0,228.59,8.2
2012-08,142.279,0.13225806451612904,3.6019999999999994,754.0,0.733599941250847,65740.0,229.918,8.1
2012-09,142.905,0.14433333333333334,3.4975,847.0,0.733599941250847,65740.0,231.015,7.8
2012-10,143.596,0.15838709677419355,3.3825000000000003,915.0,0.733599941250847,65740.0,231.638,7.8
2012-11,144.579,0.16066666666666668,3.3519999999999994,833.0,0.733599941250847,65740.0,231.249,7.7
2012-12,145.495,0.16451612903225807,3.3449999999999998,976.0,0.733599941250847,65740.0,231.221,7.9
2013-01,146.821,0.14258064516129032,3.414,888.0,0.692860276624581,68220.0,231.679,8.0
2013-02,147.779,0.14500000000000002,3.5324999999999998,962.0,0.692860276624581,68220.0,232.937,7.7
2013-03,149.959,0.1435483870967742,3.565,1010.0,0.692860276624581,68220.0,232.282,7.5
2013-04,151.516,0.145,3.4450000000000003,835.0,0.692860276624581,68220.0,231.797,7.6
2013-05,152.847,0.10903225806451612,3.536,930.0,0.692860276624581,68220.0,231.893,7.5
2013-06,154.197,0.09366666666666666,4.07,839.0,0.692860276624581,68220.0,232.445,7.5
2013-07,155.601,0.09258064516129033,4.37,880.0,0.692860276624581,68220.0,232.9,7.3
2013-08,156.958,0.08290322580645161,4.456,917.0,0.692860276624581,68220.0,233.456,7.2
2013-09,158.221,0.08,4.49,850.0,0.692860276624581,68220.0,233.544,7.2
2013-10,159.238,0.08709677419354839,4.192,925.0,0.692860276624581,68220.0,233.669,7.2
2013-11,160.07399999999998,0.08433333333333333,4.255,1100.0,0.692860276624581,68220.0,234.1,6.9
2013-12,160.994,0.08516129032258064,4.4575,1002.0,0.692860276624581,68220.0,234.719,6.7
2014-01,161.924,0.07161290322580646,4.432,888.0,0.733361519937424,67360.0,235.288,6.6
2014-02,162.52100000000002,0.06642857142857143,4.3025,944.0,0.733361519937424,67360.0,235.547,6.7
2014-03,163.08,0.07806451612903226,4.3425,970.0,0.733361519937424,67360.0,236.028,6.7
2014-04,163.384,0.09033333333333333,4.3375,1043.0,0.733361519937424,67360.0,236.468,6.2
2014-05,163.651,0.08709677419354837,4.192,1007.0,0.733361519937424,67360.0,236.918,6.3
2014-06,164.06,0.09566666666666666,4.1625,911.0,0.733361519937424,67360.0,237.231,6.1
2014-07,164.581,0.09096774193548386,4.13,1085.0,0.733361519937424,67360.0,237.498,6.2
2014-08,165.208,0.08806451612903225,4.115,984.0,0.733361519937424,67360.0,237.46,6.1
2014-09,165.899,0.08833333333333333,4.1625,1023.0,0.733361519937424,67360.0,237.477,5.9
2014-10,166.635,0.08903225806451612,4.036,1074.0,0.733361519937424,67360.0,237.43,5.7
2014-11,167.329,0.09200000000000001,3.9975,1001.0,0.733361519937424,67360.0,236.983,5.8
2014-12,168.044,0.12258064516129032,3.864,1073.0,0.733361519937424,67360.0,236.252,5.6
2015-01,168.622,0.11483870967741935,3.67,1085.0,0.73621730882542,71000.0,234.747,5.7
2015-02,169.118,0.11071428571428572,3.71,886.0,0.73621730882542,71000.0,235.342,5.5
2015-03,169.79,0.11290322580645161,3.77,960.0,0.73621730882542,71000.0,235.976,5.4
2015-04,170.28799999999998,0.12466666666666668,3.6719999999999997,1190.0,0.73621730882542,71000.0,236.222,5.4
2015-05,170.87099999999998,0.12322580645161291,3.84,1079.0,0.73621730882542,71000.0,237.001,5.6
2015-06,171.472,0.129,3.9825,1205.0,0.73621730882542,71000.0,237.657,5.3
2015-07,172.144,0.13032258064516128,4.046,1146.0,0.73621730882542,71000.0,238.034,5.2
2015-08,172.926,0.13806451612903226,3.9050000000000002,1130.0,0.73621730882542,71000.0,238.033,5.1
2015-09,173.817,0.136,3.89,1224.0,0.73621730882542,71000.0,237.498,5.0
2015-10,174.78,0.1235483870967742,3.7960000000000003,1058.0,0.73621730882542,71000.0,237.733,5.0
2015-11,175.72400000000002,0.11766666666666666,3.9425,1172.0,0.73621730882542,71000.0,238.017,5.1
2015-12,176.528,0.24064516129032257,3.964,1146.0,0.73621730882542,71000.0,237.761,5.0
2016-01,177.253,0.3429032258064516,3.8725,1092.0,0.724676067451429,73520.0,237.652,4.8
2016-02,177.634,0.37517241379310345,3.66,1225.0,0.724676067451429,73520.0,237.336,4.9
2016-03,178.15200000000002,0.362258064516129,3.694,1111.0,0.724676067451429,73520.0,238.08,5.0
2016-04,178.75599999999997,0.3653333333333333,3.605,1163.0,0.724676067451429,73520.0,238.992,5.1
2016-05,179.416,0.36516129032258066,3.6,1148.0,0.724676067451429,73520.0,239.557,4.8
2016-06,180.081,0.37766666666666665,3.568,1203.0,0.724676067451429,73520.0,240.222,4.9
2016-07,180.842,0.3916129032258065,3.44,1239.0,0.724676067451429,73520.0,240.101,4.8
2016-08,181.83,0.3967741935483871,3.435,1171.0,0.724676067451429,73520.0,240.545,4.9
2016-09,182.804,0.39633333333333337,3.46,1068.0,0.724676067451429,73520.0,241.176,5.0
2016-10,183.733,0.3964516129032258,3.47,1313.0,0.724676067451429,73520.0,241.741,4.9
2016-11,184.743,0.4066666666666666,3.77,1140.0,0.724676067451429,73520.0,242.026,4.7
2016-12,185.708,0.54,4.198,1252.0,0.724676067451429,73520.0,242.637,4.7
2017-01,186.786,0.6496774193548387,4.15,1190.0,0.63264399508256,74810.0,243.618,4.7
2017-02,187.305,0.6567857142857143,4.1675,1271.0,0.63264399508256,74810.0,244.006,4.6
2017-03,187.982,0.7861290322580645,4.196,1190.0,0.63264399508256,74810.0,243.892,4.4
2017-04,188.712,0.896,4.045,1146.0,0.63264399508256,74810.0,244.193,4.4
2017-05,189.6,0.9074193548387097,4.01,1157.0,0.63264399508256,74810.0,244.004,4.4
2017-06,190.499,1.04,3.904,1249.0,0.63264399508256,74810.0,244.163,4.3
2017-07,191.448,1.1506451612903223,3.9675000000000002,1206.0,0.63264399508256,74810.0,244.243,4.3
2017-08,192.637,1.1570967741935483,3.88,1159.0,0.63264399508256,74810.0,245.183,4.4
2017-09,193.732,1.153333333333333,3.8049999999999997,1181.0,0.63264399508256,74810.0,246.435,4.3
2017-10,194.781,1.1538709677419354,3.895,1257.0,0.63264399508256,74810.0,246.626,4.2
2017-11,195.93400000000003,1.157,3.9219999999999997,1273.0,0.63264399508256,74810.0,247.284,4.2
2017-12,197.157,1.3016129032258066,3.95,1177.0,0.63264399508256,74810.0,247.805,4.1
2018-01,198.295,1.414516129032258,4.032500000000001,1299.0,0.526435395564053,75790.0,248.859,4.0
2018-02,199.224,1.4175,4.33,1277.0,0.526435395564053,75790.0,249.529,4.1
2018-03,199.961,1.5061290322580645,4.444,1318.0,0.526435395564053,75790.0,249.577,4.0
2018-04,200.652,1.6923333333333332,4.4675,1276.0,0.526435395564053,75790.0,250.227,4.0
2018-05,201.414,1.7,4.586,1357.0,0.526435395564053,75790.0,250.792,3.8
2018-06,202.217,1.8196666666666665,4.57,1192.0,0.526435395564053,75790.0,251.018,4.0
2018-07,202.894,1.91,4.5275,1208.0,0.526435395564053,75790.0,251.214,3.8
2018-08,203.654,1.9148387096774193,4.55,1288.0,0.526435395564053,75790.0,251.663,3.8
2018-09,204.31,1.9546666666666668,4.6274999999999995,1250.0,0.526435395564053,75790.0,252.182,3.7
2018-10,205.072,2.187741935483871,4.83,1221.0,0.526435395564053,75790.0,252.772,3.8
2018-11,205.645,2.197666666666667,4.866,1181.0,0.526435395564053,75790.0,252.594,3.8
2018-12,206.136,2.274193548387097,4.6375,1095.0,0.526435395564053,75790.0,252.767,3.9
2019-01,206.526,2.4,4.464,1226.0,0.455381285963537,81210.0,252.718,4.0
2019-02,206.849,2.4,4.37,1121.0,0.455381285963537,81210.0,253.322,3.8
2019-03,207.072,2.4051612903225807,4.265,1191.0,0.455381285963537,81210.0,254.202,3.8
2019-04,207.528,2.423666666666667,4.1425,1272.0,0.455381285963537,81210.0,255.211,3.7
2019-05,208.144,2.390967741935484,4.072,1293.0,0.455381285963537,81210.0,255.29,3.6
2019-06,208.616,2.377666666666667,3.8024999999999998,1243.0,0.455381285963537,81210.0,255.159,3.6
2019-07,209.222,2.4029032258064515,3.765,1240.0,0.455381285963537,81210.0,255.685,3.7
2019-08,210.024,2.1258064516129034,3.6159999999999997,1375.0,0.455381285963537,81210.0,256.059,3.6
2019-09,210.827,2.043,3.605,1311.0,0.455381285963537,81210.0,256.511,3.5
2019-10,211.719,1.8296774193548386,3.6879999999999997,1325.0,0.455381285963537,81210.0,257.244,3.6
2019-11,212.758,1.5533333333333335,3.6950000000000003,1353.0,0.455381285963537,81210.0,257.803,3.6
2019-12,213.93,1.550967741935484,3.72,1548.0,0.455381285963537,81210.0,258.616,3.6
2020-01,215.025,1.5506451612903225,3.624,1578.0,0.968999515833015,79560.0,259.037,3.6
2020-02,215.887,1.5831034482758621,3.4650000000000003,1537.0,0.968999515833015,79560.0,259.248,3.5
2020-03,216.44,0.6522580645161291,3.45,1252.0,0.968999515833015,79560.0,258.124,4.4
2020-04,216.84,0.049,3.306,931.0,0.968999515833015,79560.0,256.092,14.8
2020-05,216.977,0.05,3.2325,1053.0,0.968999515833015,79560.0,255.868,13.2
2020-06,217.542,0.07766666666666668,3.1625,1254.0,0.968999515833015,79560.0,256.986,11.0
2020-07,219.25,0.09258064516129033,3.016,1523.0,0.968999515833015,79560.0,258.278,10.2
2020-08,222.265,0.09516129032258065,2.935,1401.0,0.968999515833015,79560.0,259.411,8.4
2020-09,225.71,0.09,2.89,1463.0,0.968999515833015,79560.0,260.029,7.8
2020-10,229.65,0.09,2.834,1543.0,0.968999515833015,79560.0,260.286,6.8
2020-11,233.219,0.08633333333333333,2.765,1553.0,0.968999515833015,79560.0,260.813,6.7
2020-12,236.533,0.09,2.684,1635.0,0.968999515833015,79560.0,262.035,6.7
2021-01,239.69,0.08516129032258064,2.735,1639.0,0.157342694282194,79260.0,262.65,6.4
2021-02,242.426,0.07571428571428572,2.81,1407.0,0.157342694282194,79260.0,263.638,6.2
2021-03,245.509,0.06967741935483872,3.0825,1668.0,0.157342694282194,79260.0,264.914,6.1
2021-04,249.078,0.069,3.06,1492.0,0.157342694282194,79260.0,266.67,6.1
2021-05,253.343,0.05806451612903226,2.9625,1607.0,0.157342694282194,79260.0,268.444,5.8
2021-06,258.17900000000003,0.078,2.975,1638.0,0.157342694282194,79260.0,270.559,5.9
2021-07,262.55400000000003,0.09806451612903226,2.868,1600.0,0.157342694282194,79260.0,271.764,5.4
2021-08,266.599,0.09225806451612903,2.8425000000000002,1595.0,0.157342694282194,79260.0,272.87,5.1
2021-09,270.151,0.07933333333333333,2.9,1563.0,0.157342694282194,79260.0,274.028,4.7
2021-10,273.567,0.07903225806451614,3.0675,1587.0,0.157342694282194,79260.0,276.522,4.5
2021-11,277.286,0.07966666666666668,3.0675,1704.0,0.157342694282194,79260.0,278.711,4.1
2021-12,281.47900000000004,0.07967741935483871,3.098,1757.0,0.157342694282194,79260.0,280.887,3.9
2022-01,286.219,0.07935483870967742,3.4450000000000003,1712.0,0.367472693654024,77540.0,282.599,4.0
2022-02,291.267,0.08,3.7625,1742.0,0.367472693654024,77540.0,284.61,3.8
2022-03,296.456,0.2009677419354839,4.172,1678.0,0.367472693654024,77540.0,287.472,3.6
2022-04,300.47,0.33,4.9825,1828.0,0.367472693654024,77540.0,288.611,3.7
2022-05,303.504,0.765483870967742,5.2299999999999995,1540.0,0.367472693654024,77540.0,291.268,3.6
2022-06,304.32,1.2049999999999998,5.522,1542.0,0.367472693654024,77540.0,294.728,3.6
2022-07,303.394,1.6758064516129034,5.4125,1392.0,0.367472693654024,77540.0,294.628,3.5
2022-08,301.063,2.33,5.2225,1520.0,0.367472693654024,77540.0,295.32,3.6
2022-09,299.027,2.555,6.112,1470.0,0.367472693654024,77540.0,296.539,3.5
2022-10,298.693,3.08,6.9,1440.0,0.367472693654024,77540.0,297.987,3.6
2022-11,298.41700000000003,3.7800000000000002,6.805,1420.0,0.367472693654024,77540.0,298.598,3.6
2022-12,297.649,4.104193548387097,6.364,1340.0,0.367472693654024,77540.0,298.99,3.5
2023-01,297.569,4.33,6.2725,1361.0,0.491924871690548,80610.0,300.536,3.4
2023-02,297.958,4.57,6.2575,1404.0,0.491924871690548,80610.0,301.648,3.6
2023-03,298.958,4.6490322580645165,6.544,1342.0,0.491924871690548,80610.0,301.808,3.5
2023-04,300.345,4.83,6.342499999999999,1368.0,0.491924871690548,80610.0,302.918,3.4
2023-05,302.411,5.055806451612903,6.425,1583.0,0.491924871690548,80610.0,303.294,3.7
2023-06,304.4,5.076333333333333,6.714,1415.0,0.491924871690548,80610.0,303.841,3.6
2023-07,306.598,5.12,6.84,1473.0,0.491924871690548,80610.0,303.841,3.5
2023-08,309.144,5.33,7.072,1305.0,0.491924871690548,80610.0,303.841,3.8
2023-09,311.181,5.33,7.2,1363.0,0.491924871690548,80610.0,303.841,3.8
2023-10,313.113,5.33,7.62,1365.0,0.491924871690548,80610.0,303.841,3.8
2023-11,313.99,5.33,7.442,1510.0,0.491924871690548,80610.0,303.841,3.7
2023-12,314.692,5.33,6.815,1568.0,0.491924871690548,80610.0,303.841,3.7
2024-01,316.087,5.33,6.6425,1376.0,0.491924871690548,80610.0,303.841,3.7
2024-02,317.547,5.33,6.776000000000001,1546.0,0.491924871690548,80610.0,303.841,3.9
2024-03,318.492,5.33,6.82,1299.0,0.491924871690548,80610.0,303.841,3.8
2024-04,319.455,5.33,6.9925,1377.0,0.491924871690548,80610.0,303.841,3.9
2024-05,320.41,5.33,7.06,1315.0,0.491924871690548,80610.0,303.841,4.0
2024-06,320.98400000000004,5.33,6.9175,1329.0,0.491924871690548,80610.0,303.841,4.1
2024-07,321.668,5.33,6.8475,1262.0,0.491924871690548,80610.0,303.841,4.3
2024-08,322.435,5.33,6.5,1379.0,0.491924871690548,80610.0,303.841,4.2
2024-09,323.341,5.13,6.18,1355.0,0.491924871690548,80610.0,303.841,4.1
2024-10,324.458,4.83,6.428,1312.0,0.491924871690548,80610.0,303.841,4.1
